Owner,Time,Serial Number
Daniella,8:35 AM,7754
Carleen,7:46 AM,6881
Daron,1:35 AM,4509
Cherly,1:35 AM,2310
Manda,1:35 AM,4362
Keri,12:57 PM,3360
Frank,3:49 AM,5901
Berneice,-999,6995
Janis,12:36 AM,4788
Tosha,5:19 PM,2585
Clark,     9:20 PM,0
-999,9:32 AM,0
Jeremy,5:19 PM,5901
Lindsay,9:57 AM,9011
Alexander,9:33 PM,2464
Renato,GERTRUDE,3226
Carly,8:32 PM,7114
Sheba,9:19 PM,4573
Tiara,12:58 AM,1705
Abby,6:40 AM,2132
Tatum,2:47 AM,8579
-999,5:19 PM,3373
Damion,3:38 PM,1078
Monserrate,45:18 PM,5634
Van,5:58 AM,3831
Jeanene,4:16 AM,4125
Kiyoko,9:03 AM,2486
Marg,10:19 PM,6974
Harrison,9:04 PM,9527
Brianne,527,0
Salina,9:12 AM,5578
Bailey,1:17 AM,8904
Clora,10:35 PM,4255
Anneliese,1:39 PM,1662
Obdulia,8:58 PM,9212
Becky,12:45 PM,8914
Meggan,0:17 AM,5241
-999,8:19 PM,1082
Ignacio,6:41 PM,1703
Erwin,7:40 AM,9452
Becky,9:43 AM,9017
Meggan,10:51 AM,1247
Mollie,12:07 PM,427
Ignacio,10:58 PM,3940
Erwin,4:31 PM,2643